{"schemaVersion":"1.0","appDefinitionTemplate":{"id":"/providers/Microsoft.PowerApps/apps/","type":"Microsoft.PowerApps/apps","tags":{"primaryDeviceWidth":"1366","primaryDeviceHeight":"768","supportsPortrait":"true","supportsLandscape":"true","primaryFormFactor":"Tablet","showStatusBar":"false","publisherVersion":"3.25054.3","minimumRequiredApiVersion":"2.2.0","hasComponent":"false","hasUnlockedComponent":"false","isUnifiedRootApp":"false","sienaVersion":"20250604T083944Z-3.25054.3.0"},"properties":{"appVersion":"2025-06-04T08:39:44Z","lifeCycleId":"Published","createdByClientVersion":{"major":3,"minor":25054,"build":3,"revision":0,"majorRevision":0,"minorRevision":0},"minClientVersion":{"major":3,"minor":25054,"build":3,"revision":0,"majorRevision":0,"minorRevision":0},"backgroundColor":"RGBA(0,176,240,1)","backgroundImageUri":"/16369905879555182401/N81517ce2-9e02-4985-aa7e-260128488081-logoSmallFile","displayName":"MayADP_testapp3","description":"","commitMessage":"","appUris":{"documentUri":{"value":"/16369905879555182401/N9b7497fe-6348-422c-96c3-7c70107f8eaf-document.msapp"},"imageUris":[],"additionalUris":[{"isSolutionAware":false,"value":"/16369905879555182401/Nd58d52f6-c2e9-4b7f-8934-88cfdaf1ef82-identity.json"}]},"createdTime":"0001-01-01T00:00:00Z","lastModifiedTime":"0001-01-01T00:00:00Z","sharedGroupsCount":0,"sharedUsersCount":0,"connectionReferences":{"5949e123-4ae6-4fa1-8f2c-35143f11d982":{"id":"669318dc-3a0c-49a8-b200-4d2c9dd01d98","displayName":"Excel Online (Business)","iconUri":"https://conn-afd-prod-endpoint-bmc9bqahasf3grgk.b01.azurefd.net/releases/v1.0.1718/1.0.1718.3944/excelonlinebusiness/icon.png","dataSources":["ProductTable"],"dependencies":[],"dependents":[],"parameterHints":{},"parameterHintsV2":{},"isOnPremiseConnection":false,"bypassConsent":false,"dataSets":{"me,b%25212I_02x-Nd0eDsqlX9T-kIK59GEkO6KlPtfRgWKrg3r8_0tpwHpPmRYkfQ0YDMIqD,01X6Q42REMR4AX2CDDJFF3SPNYLDJUVSG4":{"dataSources":{"ProductTable":{"tableName":"{D11C91D8-33C5-46D0-B8B1-F0983D130E98}"}}}},"apiTier":"Standard","isCustomApiConnection":false,"actions":["providers/PowerPlatform.Governance/Operations/Read"]}},"databaseReferences":{},"almMode":"Environment","performanceOptimizationEnabled":true,"canConsumeAppPass":true,"enableModernRuntimeMode":false,"executionRestrictions":{"isTeamsOnly":false,"dataLossPreventionEvaluationResult":{"status":"Compliant","lastEvaluationDate":"2025-06-04T08:39:48.5589051Z","violations":[],"violationsByPolicy":[],"violationErrorMessage":"The app uses the following connectors: shared_excelonlinebusiness."}}},"isAppComponentLibrary":false,"appType":"ClassicCanvasApp","appComponents":[]}}