{"schemaVersion":"1.0","appDefinitionTemplate":{"id":"/providers/Microsoft.PowerApps/apps/","type":"Microsoft.PowerApps/apps","tags":{"primaryDeviceWidth":"640","primaryDeviceHeight":"1136","supportsPortrait":"true","supportsLandscape":"true","primaryFormFactor":"Phone","showStatusBar":"false","publisherVersion":"3.25054.3","minimumRequiredApiVersion":"2.2.0","hasComponent":"false","hasUnlockedComponent":"false","isUnifiedRootApp":"false","sienaVersion":"20250604T131348Z-3.25054.3.0"},"properties":{"appVersion":"2025-06-04T13:13:48Z","lifeCycleId":"Published","createdByClientVersion":{"major":3,"minor":25054,"build":3,"revision":0,"majorRevision":0,"minorRevision":0},"minClientVersion":{"major":3,"minor":25054,"build":3,"revision":0,"majorRevision":0,"minorRevision":0},"backgroundColor":"RGBA(0,176,240,1)","backgroundImageUri":"/14219121350769485005/N13623938-d105-4042-a51b-8fa70851f102-logoSmallFile","displayName":"MayADP_Activity1","description":"","commitMessage":"","appUris":{"documentUri":{"value":"/14219121350769485005/N7f22a241-266b-4143-a919-c4116847a8da-document.msapp"},"imageUris":[],"additionalUris":[{"isSolutionAware":false,"value":"/14219121350769485005/N05b80ba9-c4b7-4c41-8ff5-23b8d9a25085-identity.json"}]},"createdTime":"0001-01-01T00:00:00Z","lastModifiedTime":"0001-01-01T00:00:00Z","sharedGroupsCount":0,"sharedUsersCount":0,"connectionReferences":{"30245bdb-b0b6-4dbe-90dc-afc7ee7827c7":{"id":"669318dc-3a0c-49a8-b200-4d2c9dd01d98","displayName":"Excel Online (Business)","iconUri":"https://conn-afd-prod-endpoint-bmc9bqahasf3grgk.b01.azurefd.net/releases/v1.0.1718/1.0.1718.3944/excelonlinebusiness/icon.png","dataSources":["contacts"],"dependencies":[],"dependents":[],"parameterHints":{},"parameterHintsV2":{},"isOnPremiseConnection":false,"bypassConsent":false,"dataSets":{"me,b%25212I_02x-Nd0eDsqlX9T-kIK59GEkO6KlPtfRgWKrg3r8_0tpwHpPmRYkfQ0YDMIqD,01X6Q42REMR4AX2CDDJFF3SPNYLDJUVSG4":{"dataSources":{"contacts":{"tableName":"{0B92CF69-579E-47BF-87D6-88264FB0584B}"}}}},"apiTier":"Standard","isCustomApiConnection":false}},"databaseReferences":{},"almMode":"Environment","performanceOptimizationEnabled":true,"canConsumeAppPass":true,"enableModernRuntimeMode":false,"executionRestrictions":{"isTeamsOnly":false,"dataLossPreventionEvaluationResult":{"status":"Compliant","lastEvaluationDate":"2025-06-04T13:13:55.2761853Z","violations":[],"violationsByPolicy":[],"violationErrorMessage":"The app uses the following connectors: shared_excelonlinebusiness."}}},"isAppComponentLibrary":false,"appType":"ClassicCanvasApp","appComponents":[]}}