{"schemaVersion":"1.0","appDefinitionTemplate":{"id":"/providers/Microsoft.PowerApps/apps/","type":"Microsoft.PowerApps/apps","tags":{"primaryDeviceWidth":"1366","primaryDeviceHeight":"768","supportsPortrait":"true","supportsLandscape":"true","primaryFormFactor":"Tablet","showStatusBar":"false","publisherVersion":"3.24101.10","minimumRequiredApiVersion":"2.2.0","hasComponent":"false","hasUnlockedComponent":"false","isUnifiedRootApp":"false","sienaVersion":"20241021T024940Z-3.24101.10.0"},"properties":{"appVersion":"2024-10-21T02:49:40Z","lifeCycleId":"Published","createdByClientVersion":{"major":3,"minor":24101,"build":10,"revision":0,"majorRevision":0,"minorRevision":0},"minClientVersion":{"major":3,"minor":24101,"build":10,"revision":0,"majorRevision":0,"minorRevision":0},"backgroundColor":"RGBA(0,176,240,1)","backgroundImageUri":"/16337229570205531621/N31bb17ad-ef1e-463c-a74c-d562d70d2fe3-logoSmallFile","displayName":"goh-activity2","description":"","commitMessage":"","appUris":{"documentUri":{"value":"/16337229570205531621/Nbdf14f57-fe1d-4aa1-96f2-e1390c20c738-document.msapp"},"imageUris":[],"additionalUris":[{"isSolutionAware":false,"value":"/16337229570205531621/N21e634dd-e86b-4c33-8d6e-3068fd9cd2d4-identity.json"}]},"createdTime":"0001-01-01T00:00:00Z","lastModifiedTime":"0001-01-01T00:00:00Z","sharedGroupsCount":0,"sharedUsersCount":0,"connectionReferences":{},"databaseReferences":{},"almMode":"Environment","performanceOptimizationEnabled":false,"canConsumeAppPass":false,"enableModernRuntimeMode":false,"executionRestrictions":{"isTeamsOnly":false,"dataLossPreventionEvaluationResult":{"status":"Compliant","lastEvaluationDate":"2024-10-21T02:49:43.9594141Z","violations":[],"violationsByPolicy":[],"violationErrorMessage":"The app uses the following connectors: ."}}},"appType":"ClassicCanvasApp","appComponents":[]}}