{"schemaVersion":"1.0","appDefinitionTemplate":{"id":"/providers/Microsoft.PowerApps/apps/","type":"Microsoft.PowerApps/apps","tags":{"primaryDeviceWidth":"1024","primaryDeviceHeight":"768","supportsPortrait":"true","supportsLandscape":"true","primaryFormFactor":"Tablet","showStatusBar":"false","publisherVersion":"3.23123.14","minimumRequiredApiVersion":"2.2.0","hasComponent":"false","hasUnlockedComponent":"false","isUnifiedRootApp":"false","offlineLargeFilesSupport":"false","sienaVersion":"20240111T022759Z-3.23123.14.0"},"properties":{"appVersion":"2024-01-11T02:27:59Z","lifeCycleId":"Published","createdByClientVersion":{"major":3,"minor":23123,"build":14,"revision":0,"majorRevision":0,"minorRevision":0},"minClientVersion":{"major":3,"minor":23123,"build":14,"revision":0,"majorRevision":0,"minorRevision":0},"backgroundColor":"RGBA(0,176,240,1)","backgroundImageUri":"/1240101243810865729/N7f854f1e-7145-4654-a9b4-71e08f5ae7cb-logoSmallFile","displayName":"day2app1","description":"","commitMessage":"","appUris":{"documentUri":{"value":"/1240101243810865729/N281c5909-c447-4d9e-9037-dedf17157f98-document.msapp"},"imageUris":[],"additionalUris":[{"isSolutionAware":false,"value":"/1240101243810865729/N3fd4c1c4-08b3-410d-bc66-0a496fc2af05-identity.json"}]},"createdTime":"0001-01-01T00:00:00Z","lastModifiedTime":"0001-01-01T00:00:00Z","sharedGroupsCount":0,"sharedUsersCount":0,"connectionReferences":{},"databaseReferences":{},"almMode":"Environment","performanceOptimizationEnabled":true,"canConsumeAppPass":true,"enableModernRuntimeMode":false,"executionRestrictions":{"isTeamsOnly":false,"dataLossPreventionEvaluationResult":{"status":"Compliant","lastEvaluationDate":"2024-01-11T02:28:04.0190864Z","violations":[],"violationsByPolicy":[],"violationErrorMessage":"The app uses the following connectors: ."}}},"appType":"ClassicCanvasApp","appComponents":[]}}