{"schemaVersion":"1.0","appDefinitionTemplate":{"id":"/providers/Microsoft.PowerApps/apps/","type":"Microsoft.PowerApps/apps","tags":{"primaryDeviceWidth":"1366","primaryDeviceHeight":"768","supportsPortrait":"true","supportsLandscape":"true","primaryFormFactor":"Tablet","showStatusBar":"false","publisherVersion":"3.24101.10","minimumRequiredApiVersion":"2.2.0","hasComponent":"false","hasUnlockedComponent":"false","isUnifiedRootApp":"false","sienaVersion":"20241021T024940Z-3.24101.10.0"},"properties":{"appVersion":"2024-10-21T02:49:40Z","lifeCycleId":"Published","createdByClientVersion":{"major":3,"minor":24101,"build":10,"revision":0,"majorRevision":0,"minorRevision":0},"minClientVersion":{"major":3,"minor":24101,"build":10,"revision":0,"majorRevision":0,"minorRevision":0},"backgroundColor":"RGBA(0,176,240,1)","backgroundImageUri":"/16337229570205531621/N59f3a4f6-ab04-4c06-9d02-d3b094eab4d1-logoSmallFile","displayName":"goh-activity2","description":"","commitMessage":"","appUris":{"documentUri":{"value":"/16337229570205531621/N618be3d7-84c2-462e-b0dd-46f4fd40b3c0-document.msapp"},"imageUris":[],"additionalUris":[{"isSolutionAware":false,"value":"/16337229570205531621/Nae78c299-8753-4d7b-841c-14d5a88269b5-identity.json"}]},"createdTime":"0001-01-01T00:00:00Z","lastModifiedTime":"0001-01-01T00:00:00Z","sharedGroupsCount":0,"sharedUsersCount":0,"connectionReferences":{},"databaseReferences":{},"almMode":"Environment","performanceOptimizationEnabled":false,"canConsumeAppPass":false,"enableModernRuntimeMode":false,"executionRestrictions":{"isTeamsOnly":false,"dataLossPreventionEvaluationResult":{"status":"Compliant","lastEvaluationDate":"2024-10-21T02:49:43.9594141Z","violations":[],"violationsByPolicy":[],"violationErrorMessage":"The app uses the following connectors: ."}}},"appType":"ClassicCanvasApp","appComponents":[]}}