{"schemaVersion":"1.0","appDefinitionTemplate":{"id":"/providers/Microsoft.PowerApps/apps/","type":"Microsoft.PowerApps/apps","tags":{"primaryDeviceWidth":"1366","primaryDeviceHeight":"768","supportsPortrait":"true","supportsLandscape":"true","primaryFormFactor":"Tablet","showStatusBar":"false","publisherVersion":"3.24101.10","minimumRequiredApiVersion":"2.2.0","hasComponent":"false","hasUnlockedComponent":"false","isUnifiedRootApp":"false","sienaVersion":"20241021T071930Z-3.24101.10.0"},"properties":{"appVersion":"2024-10-21T07:19:30Z","lifeCycleId":"Published","createdByClientVersion":{"major":3,"minor":24101,"build":10,"revision":0,"majorRevision":0,"minorRevision":0},"minClientVersion":{"major":3,"minor":24101,"build":10,"revision":0,"majorRevision":0,"minorRevision":0},"backgroundColor":"RGBA(0,176,240,1)","backgroundImageUri":"/16337229570205531621/N00fde7b1-d697-4cf8-8f22-5743136f91df-logoSmallFile","displayName":"goh-activity2","description":"","commitMessage":"","appUris":{"documentUri":{"value":"/16337229570205531621/N7b7f5865-9f1c-47e0-afc5-38391ec46948-document.msapp"},"imageUris":[],"additionalUris":[{"isSolutionAware":false,"value":"/16337229570205531621/N81a57478-0828-46e6-9ff9-5da1c4496e49-identity.json"}]},"createdTime":"0001-01-01T00:00:00Z","lastModifiedTime":"0001-01-01T00:00:00Z","sharedGroupsCount":0,"sharedUsersCount":0,"connectionReferences":{"9605ebce-85c7-4751-985d-cbe4e4b46ae0":{"id":"669318dc-3a0c-49a8-b200-4d2c9dd01d98","displayName":"Excel Online (Business)","iconUri":"https://connectoricons-prod.azureedge.net/releases/v1.0.1718/1.0.1718.3944/excelonlinebusiness/icon.png","dataSources":["employeeRecords"],"dependencies":[],"dependents":[],"parameterHints":{},"parameterHintsV2":{},"isOnPremiseConnection":false,"bypassConsent":false,"dataSets":{"me,b%25212I_02x-Nd0eDsqlX9T-kIK59GEkO6KlPtfRgWKrg3r8_0tpwHpPmRYkfQ0YDMIqD,01X6Q42RDQS5CKO6CIBRHIHINSUKQNKNZQ":{"dataSources":{"employeeRecords":{"tableName":"{1A71F4A7-C1B8-4B42-B6B3-DB1E012201C7}"}}}},"apiTier":"Standard","isCustomApiConnection":false,"actions":["providers/PowerPlatform.Governance/Operations/Read","providers/PowerPlatform.Governance/Operations/Write","providers/PowerPlatform.Governance/Operations/Delete"]}},"databaseReferences":{},"almMode":"Environment","performanceOptimizationEnabled":false,"canConsumeAppPass":false,"enableModernRuntimeMode":false,"executionRestrictions":{"isTeamsOnly":false,"dataLossPreventionEvaluationResult":{"status":"Compliant","lastEvaluationDate":"2024-10-21T02:49:43.9594141Z","violations":[],"violationsByPolicy":[],"violationErrorMessage":"The app uses the following connectors: ."}}},"appType":"ClassicCanvasApp","appComponents":[]}}