{"schemaVersion":"1.0","appDefinitionTemplate":{"id":"/providers/Microsoft.PowerApps/apps/","type":"Microsoft.PowerApps/apps","tags":{"primaryDeviceWidth":"1366","primaryDeviceHeight":"768","supportsPortrait":"true","supportsLandscape":"true","primaryFormFactor":"Tablet","showStatusBar":"false","publisherVersion":"3.25053.6","minimumRequiredApiVersion":"2.2.0","hasComponent":"false","hasUnlockedComponent":"false","isUnifiedRootApp":"false","sienaVersion":"20250530T093245Z-3.25053.6.0"},"properties":{"appVersion":"2025-05-30T09:32:45Z","lifeCycleId":"Published","createdByClientVersion":{"major":3,"minor":25053,"build":6,"revision":0,"majorRevision":0,"minorRevision":0},"minClientVersion":{"major":3,"minor":25053,"build":6,"revision":0,"majorRevision":0,"minorRevision":0},"backgroundColor":"RGBA(0,176,240,1)","backgroundImageUri":"/17104088950701240016/N76343321-b146-4928-844b-afc56cda5b05-logoSmallFile","displayName":"MayADP_testapp2","description":"","commitMessage":"","appUris":{"documentUri":{"value":"/17104088950701240016/Nb8987d26-9be4-4e35-b6be-196524d5021a-document.msapp"},"imageUris":[],"additionalUris":[{"isSolutionAware":false,"value":"/17104088950701240016/Nb4df7140-ff45-40f7-b0d5-d5060216b080-identity.json"}]},"createdTime":"0001-01-01T00:00:00Z","lastModifiedTime":"0001-01-01T00:00:00Z","sharedGroupsCount":0,"sharedUsersCount":0,"connectionReferences":{},"databaseReferences":{},"almMode":"Environment","performanceOptimizationEnabled":true,"canConsumeAppPass":true,"enableModernRuntimeMode":false,"executionRestrictions":{"isTeamsOnly":false,"dataLossPreventionEvaluationResult":{"status":"Compliant","lastEvaluationDate":"2025-05-30T08:57:45.6350954Z","violations":[],"violationsByPolicy":[],"violationErrorMessage":"The app uses the following connectors: ."}}},"isAppComponentLibrary":false,"appType":"ClassicCanvasApp","appComponents":[]}}